7218a6dc-ab4a-4c05-b33f-b4d2b997ffbd.jpg,6
775f4734-7581-4998-a0a7-1265eec4cd83.jpg,1
42e62c24-49f5-4d6e-8396-7d8f9d0cb355.jpg,1
2242aee2-4eaa-4079-8542-077592c1a1e1.jpg,6
a352a235-4bf6-48e8-92c4-2c592cfb4027.jpg,3
ed24899d-8d08-487c-938e-4eacd0f514f5.jpg,6
a21a5b4c-bf9f-4f4e-92b8-4f34510866ed.jpg,3
14d5555e-9e7c-4f9f-9eca-d53f0b84a578.jpg,4
028b5707-20f3-4628-85e3-5f25de8b694f.jpg,6
03802883-d842-4c24-9bc4-7d1f366a6ac1.jpg,2
22e6f6b4-e3e4-4853-8560-ad7012ad5ef3.jpg,8
614d3154-d4bc-4bcc-8bf8-bd147b8946ca.jpg,7
32709524-2213-47f0-89d3-4c6e151f2f93.jpg,1
dd5c9aab-09e6-4c7a-8c62-0db2cda0270b.jpg,3
db8e5296-1331-4ad3-92f0-45531bfb9aec.jpg,4
4fc46a21-47b6-494b-a804-2e140b4ea6c7.jpg,3
319cd8f6-58b9-44a0-84f8-4dc9225a30a2.jpg,1
